id,temp_name,twitter,image
6118442,Jakop Dalunde,JakopDalunde,https://pbs.twimg.com/profile_images/621979943682052096/5zK6FPpw.jpg
14948611,Mathias Sundin,MathiasSundin,https://pbs.twimg.com/profile_images/487103967936397313/kcF-AkDI.jpeg
15402649,Maria Ferm,MariaFerm,https://pbs.twimg.com/profile_images/698302493135126528/zcjpw4vd.jpg
18447095,Annie Lööf,annieloof,https://pbs.twimg.com/profile_images/879601196994109440/3wLNatT5.jpg
18694252,Emil Källström,emilkallstrom,https://pbs.twimg.com/profile_images/512530796897259520/9kIyZXiv.jpeg
18720634,Johan Hedin,JohanHedin_PLC,https://pbs.twimg.com/profile_images/413651952744939520/zcm1bKdQ.jpeg
18772213,AgnetaB,AgnetaB,https://pbs.twimg.com/profile_images/479497581635305472/KIf-t2_a.jpeg
18778803,Hannah Bergstedt,HannahBergstedt,https://pbs.twimg.com/profile_images/645966350175838208/VOJriNMf.jpg
18778823,Fredrik LundhSammeli,lundhsammeli,https://pbs.twimg.com/profile_images/498757407452172288/FCZYhgsS.jpeg
18796362,Per Bolund,bolund,https://pbs.twimg.com/profile_images/572634231228276736/BVNV3hec.jpeg
18818550,Daniel Sestrajcic,avantis,https://pbs.twimg.com/profile_images/3165691535/62d03c3869d43ce3662b021aa6eeb562.jpeg
18829430,Veronica Palm,veronicapalm,https://pbs.twimg.com/profile_images/602552305087553536/A0QP5Sjr.jpg
18831964,lenaek,lenaek,https://pbs.twimg.com/profile_images/235951243/399.jpg
18838766,Anna Johansson,annajohansson,https://pbs.twimg.com/profile_images/72476296/AnnaJohanssonWebb2.jpg
18839942,Monica Green,GreenMonica,https://pbs.twimg.com/profile_images/801057482823135232/FxEqS4-0.jpg
18898111,evalenajansson,evalenajansson,https://pbs.twimg.com/profile_images/1537071988/Ny_bild__1_.jpg
18900142,Maria Strömkvist,MariaStromkvist,https://pbs.twimg.com/profile_images/1523399534/Twitter.jpg
18979562,Ardalan Shekarabi,shekarabi,https://pbs.twimg.com/profile_images/503438503062306816/dFCo1f30.jpeg
19085332,Jörgen Warborn,jorgenwarborn,https://pbs.twimg.com/profile_images/498063745617121280/kGsLSYZS.jpeg
19161627,Åsa Westlund,AsaWestlund,https://pbs.twimg.com/profile_images/532557680750374912/CzI732BR.jpeg
19185125,Emma Henriksson,EmmaHenriksson,https://pbs.twimg.com/profile_images/967582872/Bild_009fyrkantsvartvit_liten.jpg
19235477,Jennie Nilsson,jennieNilsson,https://pbs.twimg.com/profile_images/723579829132615681/_3ZMrmVa.jpg
19284493,Fredrik Olovsson,fredrikolovsson,https://pbs.twimg.com/profile_images/83259171/fo_riksdagsbild1.jpg
19289611,Hans Hoff,HansHoff,https://pbs.twimg.com/profile_images/484355100974936065/GViRTIm2.jpeg
19314018,Kent Ekeroth,kentekeroth,https://pbs.twimg.com/profile_images/593661384455495680/7qJ6nDgx.jpg
19445100,Caroline Helmersson,Charoline,https://pbs.twimg.com/profile_images/74553393/litencarro.jpg
19448284,Jenny Petersson,jennypetersson,https://pbs.twimg.com/profile_images/378800000020476996/e4bb37bdd6b33e7076658c354f7968ed.jpeg
19455187,Tomas Tobé,tomastobe,https://pbs.twimg.com/profile_images/749611106738593792/CaUe-UUu.jpg
19496771,Anders Ygeman,Ygeman,https://pbs.twimg.com/profile_images/610523185218494464/bRCRjzQB.jpg
19566644,Erik Bengtzboe,bengtzboe,https://pbs.twimg.com/profile_images/839789789306044417/h4V5A-Um.jpg
19597751,Margareta Cederfelt,Cederfelt,""
19650143,Helen Pettersson,hepe,https://pbs.twimg.com/profile_images/2485432384/image.jpg
19853634,Jonas J:son Gjörtler,jonasjacobsson,https://pbs.twimg.com/profile_images/3116888530/1da90a0a6160cae7fd5810e71e6790e6.jpeg
19864223,Larry Söder,larrysoder,https://pbs.twimg.com/profile_images/618336733617238022/TayOXWmE.jpg
20068313,Fredrik Malm,FredrikMalm,https://pbs.twimg.com/profile_images/781552380437491712/YlZyZjSH.jpg
20202859,Magnus Manhammar,manhammar,https://pbs.twimg.com/profile_images/378800000170802902/d7eaba1fd7969288fbe5f2cb7c80200c.jpeg
20582098,Lars Mejern Larsson,Mejern,https://pbs.twimg.com/profile_images/77280829/n1434173287_30227404_2928.jpg
20596565,Tobias Billström,TobiasBillstrom,https://pbs.twimg.com/profile_images/840138004060557312/Jn6ZbdJt.jpg
20841592,Kenneth G Forslund,KGFdirekt,https://pbs.twimg.com/profile_images/791631396087488516/RhYm1ZZW.jpg
20921291,Ann-Charlotte Hammar,ACHammar,https://pbs.twimg.com/profile_images/78527775/HammarJohansson_Ann-Charlotte-1.jpg
21129331,Annicka Engblom,AnnickaEngblom,https://pbs.twimg.com/profile_images/666585164114432001/O6XRECHl.jpg
21486473,Christian Holm B.,christianholm,https://pbs.twimg.com/profile_images/1886017609/CHTwitter.jpg
21858579,C Bråkenhielm,Catharina_orust,https://pbs.twimg.com/profile_images/2280798671/image.jpg
21866399,Johan Pehrson,JohanPehrson,https://pbs.twimg.com/profile_images/378800000641110726/3c85ff02c7df462603a59d3142cfa0a2.jpeg
22159604,Teresa Carvalho,TeresaCarvalho,https://pbs.twimg.com/profile_images/3298060007/b15f0cc79e836265304d0c295ee5ef3d.jpeg
22291443,Anette Åkesson,anetteakesson,https://pbs.twimg.com/profile_images/478559827908493314/wjaOPWfQ.jpeg
23245616,Marie Granlund,MarieGranlund,https://pbs.twimg.com/profile_images/492645720013668352/oQczelNc.jpeg
23308888,Erik Ottoson,ErikOttoson,https://pbs.twimg.com/profile_images/561884949448777728/HPDhIur1.jpeg
23444635,Carl Schlyter,CarlSchlyter,https://pbs.twimg.com/profile_images/91071999/carl.JPG
23512612,Emma Wallrup,emmwal,https://pbs.twimg.com/profile_images/793855675512164352/u6UmTZ1B.png
24021197,Carl-Oskar Bohlin,CarlOskar,https://pbs.twimg.com/profile_images/439883780757938176/og1baril.jpeg
24265642,Kerstin Lundgren,KerstinLundgren,https://pbs.twimg.com/profile_images/511612847671894016/IqHpJMjb.jpeg
24874309,solveig zander,solveigzander,https://pbs.twimg.com/profile_images/1893629851/twitter.jpg
25053123,Ulrika Carlsson,ulrikacarlsson,https://pbs.twimg.com/profile_images/592690945365319680/Bt1HP_5U.jpg
25266533,Hillevi Larsson,HilleviLarsson,https://pbs.twimg.com/profile_images/770912354364190720/3Jzykxky.jpg
25803598,Jan R Andersson,JanRAndersson,https://pbs.twimg.com/profile_images/110551386/Andersson_jan_2.jpg
26754159,Eva Sonidsson,evasonidsson,https://pbs.twimg.com/profile_images/438652171492413440/aJwuj-hz.jpeg
27021309,Börje Vestlund,BorjeVestlund,https://pbs.twimg.com/profile_images/111916293/borje.jpg
27500871,Agneta Gille,AgnetaGille,https://pbs.twimg.com/profile_images/476112141079310336/1jPNrh1d.jpeg
27856210,Teres Lindberg,TeresLindberg,https://pbs.twimg.com/profile_images/786114437799444480/hUqxFKYj.jpg
27914274,Tomas Eneroth,TomasEneroth,https://pbs.twimg.com/profile_images/771061109742854144/hVr-yCz0.jpg
28634867,Aron Modig,aronmodig,https://pbs.twimg.com/profile_images/725316503642329088/jbIRuZ3c.jpg
29401817,Pyry Niemi,pyryniemi,https://pbs.twimg.com/profile_images/1127421335/aeb73a86-e07e-44cd-b4e2-e6f703da2b11.png
30199609,Marta Obminska,martaobminska,https://pbs.twimg.com/profile_images/537637382523060224/q7cucLM0.jpeg
30981659,Desiree Pethrus,Desireekd,https://pbs.twimg.com/profile_images/2705482708/6c997f3adc42b0372717b2d5693c047a.jpeg
31080756,Jens Holm,holmjens,https://pbs.twimg.com/profile_images/2994531512/22c4e985e1fb272b0bfa618de3e2b6ed.jpeg
31547704,Penilla Gunther,penilla,https://pbs.twimg.com/profile_images/818409938884161536/qd7DbayA.jpg
32016073,Håkan Svenneling,hsvenneling,https://pbs.twimg.com/profile_images/476459273678258176/QgpnAsLE.jpeg
34743468,Björn Söder,bjornsoder,https://pbs.twimg.com/profile_images/1104445099/Bj_rn-S_der.jpg
34907977,Jonas Eriksson,Jonas_Eriksson,https://pbs.twimg.com/profile_images/180808473/Jonas_E_putsad_mindre.jpg
35253656,Per Olsson Fridh,thinkper,https://pbs.twimg.com/profile_images/586131243173027840/cadLhhYH.jpg
36040217,Per Klarberg,perklarberg,https://pbs.twimg.com/profile_images/763814326843088896/tPuw0FWn.jpg
37419686,Christer Nylander,CNylander,https://pbs.twimg.com/profile_images/509378641797865472/nDUmjjiC.jpeg
37868481,Tuve Skånberg,tuveskanberg,https://pbs.twimg.com/profile_images/378800000711052503/a441abc4027dc68da9caa893f5ce7f9c.jpeg
39958883,Andreas Carlson,andreas_carlson,https://pbs.twimg.com/profile_images/2346682615/image.jpg
41846907,Amir Adan,amiradan,https://pbs.twimg.com/profile_images/378800000470836540/bc889a453068907d0f6f9123640a951d.jpeg
46725883,Ola Johansson,ola_johansson,https://pbs.twimg.com/profile_images/498033890141822976/aG-r3qVT.jpeg
47156292,Serkan Köse,Serkankose76,https://pbs.twimg.com/profile_images/825059897066868737/LbBlnBtv.jpg
47329763,Maria Stockhaus,Mariastockhaus,https://pbs.twimg.com/profile_images/901376139867901956/romzCCb_.jpg
47407209,Yasmine Larsson,yasminelundin,https://pbs.twimg.com/profile_images/378800000706478742/e790e040041398e485b81b0305343488.jpeg
51746591,Birgitta Ohlsson,birgittaohlsson,https://pbs.twimg.com/profile_images/894819559928201216/o6WxJPdy.jpg
53089852,Stefan Nilsson,StefanBNilsson,https://pbs.twimg.com/profile_images/524134903274024961/NE_UL1JQ.jpeg
61481011,Ali Esbati,aliesbati,https://pbs.twimg.com/profile_images/845705218931249152/SW4At1Cs.jpg
62018785,Markus Wiechel ن,MarkusWiechel,https://pbs.twimg.com/profile_images/844732955394232321/AVjiGDvL.jpg
68945032,Per Åsling,perasling,https://pbs.twimg.com/profile_images/949447350/Pelle2_5_liten.jpg
73100393,Maria Abrahamsson,M_Abrahamsson,https://pbs.twimg.com/profile_images/715984493480452096/TR7lU9S4.jpg
74749621,Annika Hirvonen Falk,AnnikaHirvonen,https://pbs.twimg.com/profile_images/378800000707689428/8a9ca5ef35116879c8c91dcca2860d29.jpeg
78048238,Roland Utbult,RolandUtbult,https://pbs.twimg.com/profile_images/664524080389844992/MLOS2gXu.jpg
78574939,Torbjörn Björlund,TobbeRiks,""
84310420,Rossana Dinamarca,rossa_d,https://pbs.twimg.com/profile_images/509423801759977473/XfLQcI8E.jpeg
89427793,Olof Lavesson,oloflavesson,https://pbs.twimg.com/profile_images/726093884690976769/xok2hnM_.jpg
95972673,Jimmie Åkesson,jimmieakesson,https://pbs.twimg.com/profile_images/695682295055917056/avu8anmG.jpg
98212710,Åsa Romson,asaromson,https://pbs.twimg.com/profile_images/727530718184771584/AZXwaMVd.jpg
102276010,Pavel Gamov,pavelgamov,https://pbs.twimg.com/profile_images/701949927275032578/sTSRm4vz.jpg
104229816,Lotta Olsson,LottaAOlsson,https://pbs.twimg.com/profile_images/748972129987821569/UDPeXJIQ.jpg
104778698,Hanif Bali,hanifbali,https://pbs.twimg.com/profile_images/901957900486180864/WaugWLao.jpg
104783793,Roger Hedlund,rogerhedlund,https://pbs.twimg.com/profile_images/519572278644715521/U6vVnSGN.jpeg
104943486,Mikael Oscarsson,MikaelOscarsson,https://pbs.twimg.com/profile_images/642457809/Mikael_small.JPG
107414992,Morgan Johansson,johanssonmorgan,https://pbs.twimg.com/profile_images/729309665520144384/IVf2vfVA.jpg
108046242,Caroline Szyber,CarolineSzyber,https://pbs.twimg.com/profile_images/509570934861484032/aHzvq9J7.jpeg
108906498,Cecilie Toftby,ceciliett,https://pbs.twimg.com/profile_images/646263513116188672/cwmQzFSz.jpg
108927409,Ewa Thalén Finné,ewathalen,https://pbs.twimg.com/profile_images/658635492/twitterbild_-_ewa.JPG
111064894,Per Bill,perbill,https://pbs.twimg.com/profile_images/673677662/twitterbild_pelle.jpg
111991054,Lars-Axel Nordell,LarsAxelNordell,https://pbs.twimg.com/profile_images/812238621327638528/7dialqIv.jpg
118722303,Sara Karlsson,SaraKarlsson85,https://pbs.twimg.com/profile_images/493525390070415361/wgupwnYy.jpeg
119159588,Ida Drougge,idadrougge,https://pbs.twimg.com/profile_images/894577021342420992/3DFq5nHD.jpg
122022318,Maria Weimer,mariaweimer,https://pbs.twimg.com/profile_images/798123300702617600/w86wtqx7.jpg
122078343,Lena Hallengren,lenahallengren,https://pbs.twimg.com/profile_images/2646057957/28156cf27f7ccdf298d3cfef608a54a8.jpeg
123918183,Anders Ahlgren,AndersAhlgren,https://pbs.twimg.com/profile_images/704321087052582912/ASwxb4Uf.jpg
124239708,staffan danielsson,staffand,https://pbs.twimg.com/profile_images/2739967353/ead602cb270a112f8b45761688619088.jpeg
127961292,Magda Rasmusson,magdarasmusson,https://pbs.twimg.com/profile_images/743490091243438080/JKp0Fhhk.jpg
128176155,Rickard Nordin,rickardnordin,https://pbs.twimg.com/profile_images/738427615279730688/_iWo8Wak.jpg
130571757,Torkild Strandberg,Torkild_S,https://pbs.twimg.com/profile_images/1545720964/torkild.jpg
135489572,Johnny Skalin,JohnnySkalin,https://pbs.twimg.com/profile_images/378800000793268780/4005e08f51f4b2fea2a68c56512d9e32.jpeg
139127908,Hans Rothenberg,hansrothenberg,https://pbs.twimg.com/profile_images/450958500697767936/7iSm0XfO.jpeg
139397687,Olle Thorell,Olle_Thorell,https://pbs.twimg.com/profile_images/718348759084699648/cys8iqiH.jpg
140488453,Anna Kinberg Batra,KinbergBatra,https://pbs.twimg.com/profile_images/737636687342403584/ET54HqNi.jpg
141917431,Lena Asplund,lenaasplund,https://pbs.twimg.com/profile_images/492683797230796800/1om8yr3C.jpeg
142282561,Christina Höj Larsen,ChristinaHoej,https://pbs.twimg.com/profile_images/3525574431/8897a556d741f53de637ff1bc05decfe.jpeg
143457836,Niclas Malmberg,niclasmalmberg,https://pbs.twimg.com/profile_images/897083428/NiclasMalmberg_12.jpg
145539086,Gustav Fridolin,GustavFridolin,https://pbs.twimg.com/profile_images/915195101/gfridolin.jpg
146235861,Linus Bylund,LinusBylund,https://pbs.twimg.com/profile_images/712159410907439104/RNhhe5Ji.jpg
148386719,Heléna Lindahl,FrkLindahl,https://pbs.twimg.com/profile_images/932729409/Bild-Helena.jpg
154050557,Johan Forssell,JohanForssell,https://pbs.twimg.com/profile_images/903987852144504834/udCt3vo1.jpg
154116697,Mattias Karlsson,sdkarlsson,https://pbs.twimg.com/profile_images/413864823181426689/Ex4ELp9S.jpeg
155324976,Carina Herrstedt,carinaherrstedt,https://pbs.twimg.com/profile_images/510414232488542208/qjFzxxO9.jpeg
156348820,Ulla Andersson,AnderssonUlla,https://pbs.twimg.com/profile_images/3757912351/6a74613f8507268200957a5509603fab.jpeg
156635362,Niklas Karlsson,niklaska,https://pbs.twimg.com/profile_images/660121366079868928/6cf9QH6X.jpg
157497762,David Lång,DavidLaang,https://pbs.twimg.com/profile_images/1006185139/70x91_davidlang_2.jpg
161963297,Anders W Jonsson,anderswjonsson,https://pbs.twimg.com/profile_images/1044383413/AndersWJONSSONX.JPG
182520290,Fredrik Schulte,fredrikschulte,https://pbs.twimg.com/profile_images/3658347105/ae4a8576f3a0982bce76be0ae4237d9a.jpeg
186533780,Richard Jomshof,RichardJomshof,https://pbs.twimg.com/profile_images/459034138318622720/Pn8P3wCJ.jpeg
196213234,Sofia Arkelsten,Arkelsten,https://pbs.twimg.com/profile_images/651624805159071744/LFSZ_17S.jpg
197825824,Åsa Coenraads,AsaCoenraads,https://pbs.twimg.com/profile_images/2269276213/ldtn0e9mdeaz9tvrbpva.jpeg
198871052,Erik Ullenhag,erikullenhag,https://pbs.twimg.com/profile_images/2289623669/flrsje4pg6m54yno4e5t.jpeg
198886415,Ewa Bjorling,EwaBjorling,https://pbs.twimg.com/profile_images/1666545935/EwaBjorlingbild.jpg
199373792,Eva Lohman,EvaLohman,https://pbs.twimg.com/profile_images/1138788319/eva.jpg
206582058,Göran Pettersson,Dinledamot,https://pbs.twimg.com/profile_images/1150661837/GP_riksdag.jpg
217031152,Pernilla Stålhammar,PStalhammar,https://pbs.twimg.com/profile_images/544422630343077888/AKaVNfX3.jpeg
219266880,Patrick Reslow,patrickreslow,https://pbs.twimg.com/profile_images/1406580193/image.jpg
221833371,Maria A Willner,mariawillner,https://pbs.twimg.com/profile_images/676677452735860736/6ZT-ZiUq.jpg
234807573,Jonas Millard,JMillard81,https://pbs.twimg.com/profile_images/557577147876130816/SxjVFGgI.jpeg
237648982,Jessika Roswall,jessikavilhelm,https://pbs.twimg.com/profile_images/378800000415014131/df7422bfa6f4d320a6f48669446497bf.jpeg
240631769,Wiwi-Anne Johansson,wiwiannejoh,https://pbs.twimg.com/profile_images/1816005759/image.jpg
263573703,Håkan Juholt,hakanjuholt,https://pbs.twimg.com/profile_images/1348913401/H_kan_juholt322x174.jpg
267740219,Tina Acketoft,TinaAcketoft,https://pbs.twimg.com/profile_images/1276881630/TinaAcketoftbred.jpg
272022187,Monica Haider,Monicahaider,https://pbs.twimg.com/profile_images/1575158551/41498_1072523442_2607_n.jpg
278036073,Helena Bouveng,helenabouveng,https://pbs.twimg.com/profile_images/1375946371/valbilder_2010_056.jpg
282532238,Nooshi Dadgostar,nooshiit,https://pbs.twimg.com/profile_images/723948102927958018/u6YsvVXF.jpg
292331091,Karin Rågsjö,ragsjo,https://pbs.twimg.com/profile_images/1338712360/47919_460960513022_679443022_6534256_1124297_n.jpg
297054844,Daniel Riazat,DanielRiazat,https://pbs.twimg.com/profile_images/879814255482216449/hZXVNuJ0.jpg
299559374,Robert Stenkvist ,robertstenkvist,https://pbs.twimg.com/profile_images/420305764100489216/LSu8Lklx.jpeg
301518835,Sofia Fölster,SofiaFolster,https://pbs.twimg.com/profile_images/863860133012676609/tIquBtqD.jpg
301688631,Björn Wiechel,Bjorg_Wiechek,https://pbs.twimg.com/profile_images/1526748387/image.jpg
302612407,Janine Alm Ericson,Almericson,https://pbs.twimg.com/profile_images/1363373629/image.jpg
306370816,Linda Snecker,lindasnecker,https://pbs.twimg.com/profile_images/514079292897366016/4CmD8cd6.jpeg
318993474,Ann-Britt Åsebol,Fiastankar,https://pbs.twimg.com/profile_images/869927514617073664/_uK1JJCK.jpg
319147226,Ylva Johansson,YlvaJohansson,https://pbs.twimg.com/profile_images/2669169342/d2ded63f8abc85bfff197c5919386aa2.png
321362887,Jabar Amin,Jabar_Amin,https://pbs.twimg.com/profile_images/1406190029/0849219210615_192.jpg
321522177,Mattias Jonsson,riksdagsmattias,https://pbs.twimg.com/profile_images/777586891579387905/-KqO2JXi.jpg
327359409,Jessica Polfjärd,jessicapolfjard,https://pbs.twimg.com/profile_images/437724589402386432/iH-jiS6n.jpeg
328995303,Kristina Yngwe,KristinaYngwe,https://pbs.twimg.com/profile_images/655687857592475648/n8fIXmIy.jpg
332901740,Roza G. Hedin,rozaguclu,https://pbs.twimg.com/profile_images/1435438435/IMG_0105.JPG
334672453,Adam Marttinen,AdamMarttinen,https://pbs.twimg.com/profile_images/791971760329650176/ApaGq90m.jpg
338026921,Hanna Wigh,hanna_wigh,https://pbs.twimg.com/profile_images/844589862175068162/kU_lGVKu.jpg
339107634,Cecilia Widegren,WidegrenCecilia,https://pbs.twimg.com/profile_images/1668267373/ihagen.jpg
342607637,Anders Schröder,AndersSchroder,https://pbs.twimg.com/profile_images/808069828967878660/8rOAI9zV.jpg
346795026,Karin Enström,KarinEnstrm,""
359251517,Linus Sköld,lskold,https://pbs.twimg.com/profile_images/483162520296128512/d0P8mXGu.jpeg
362339392,Elin Lundgren,ElinLudis,https://pbs.twimg.com/profile_images/861848200289947648/pt6sZ7fm.jpg
362444109,Jakob Forssmed,jakobforssmed,https://pbs.twimg.com/profile_images/876491136940085248/Zn0SeElT.jpg
368777408,Olle Felten,OlleFelten,https://pbs.twimg.com/profile_images/890530600125427713/rCmwtWLU.jpg
371238644,Talman Urban Ahlin,UrbanAhlin,https://pbs.twimg.com/profile_images/3622282097/14fecbacbcf5a33e9b25c1625f305b38.jpeg
374186312,Adnan Dibrani,adnandibrani,https://pbs.twimg.com/profile_images/3116304690/fea60eaad6b3b50913b392c617e841cc.jpeg
377946745,Tina Ghasemi,TinaGhasemi,https://pbs.twimg.com/profile_images/501383186879098880/-0LQcOaF.jpeg
390636166,Gustav Blix,GustavBlix,https://pbs.twimg.com/profile_images/378800000482222129/65edce0c2b8bf618c8f362343d64f779.jpeg
391707601,Johan Nissinen,JohanNissinen,https://pbs.twimg.com/profile_images/465122543204974592/vicu7NNb.jpeg
392684445,Lise Nordin,LiseNordin,https://pbs.twimg.com/profile_images/439139091876429824/RxRPjw9q.jpeg
393890670,Jan Ericson,Ericson_ubbhult,https://pbs.twimg.com/profile_images/1829196789/bild.JPG
395542723,Mattias B Johansson,mattiasbjo,https://pbs.twimg.com/profile_images/668387819186991104/GxZl6y8x.jpg
400001248,Josef Fransson,JosefFranssonSD,https://pbs.twimg.com/profile_images/3745444392/4f026e6bd814a4a0cde13668a080a270.jpeg
402690401,Ulf Kristersson,UlfKristersson,""
422692987,Said Abdou,AbdouSaid,https://pbs.twimg.com/profile_images/525053928027590656/vEDeypr_.jpeg
423559923,Mikael Eskilandersso,Eskilandersson,https://pbs.twimg.com/profile_images/1822239890/micke3.jpg
426071524,Lars Hjälmered,larshjalmered,https://pbs.twimg.com/profile_images/1669473961/Twitter.png
434733395,Fredrik Christensson,FredrikChs,https://pbs.twimg.com/profile_images/843564360731709441/PGe7IbRf.jpg
435854067,Jonas Sjöstedt,jsjostedt,https://pbs.twimg.com/profile_images/783667698844786688/wEg5OVNO.jpg
468372148,Berit Högman,berithogman,https://pbs.twimg.com/profile_images/479169697175572480/l6-pEgb5.jpeg
476764652,Cecilia Magnusson,CeciliaMagnuss1,https://pbs.twimg.com/profile_images/875674256058798080/tu6_7Bdm.jpg
477946503,Eva Lindh,Eva_Lindh,https://pbs.twimg.com/profile_images/1790273378/evalindh2.jpg
496050817,Robert Hannah,RobertHannah85,https://pbs.twimg.com/profile_images/617272036499529728/vh-qkXKF.jpg
499854916,Magdalena Andersson,AnderssonMagda,https://pbs.twimg.com/profile_images/1845799462/MA.jpg
508586205,Leif Nysmed,LeifNysmed,https://pbs.twimg.com/profile_images/762933043040489473/2SbO2LY8.jpg
510223355,Mikael Damberg,mikaeldamberg,https://pbs.twimg.com/profile_images/1899190285/6922888089_cbf430e4df.jpg
512403375,Mathias Tegnér,tegnr,https://pbs.twimg.com/profile_images/831796730861584388/3os65y6u.jpg
512875987,Alexandra Anstrell,aanstrell,https://pbs.twimg.com/profile_images/423034239043764224/NdI8dP4h.jpeg
526517939,Johanna Haraldsson,JoHarald,https://pbs.twimg.com/profile_images/378800000199297636/d132590624a1979b11220e40fccf7cf7.jpeg
528848733,Mats Persson,matsperspektiv,https://pbs.twimg.com/profile_images/2934570505/3c840dc402e5edebc53b696e8b3b5fac.jpeg
542170497,Paula Bieler,PaulaBieler,https://pbs.twimg.com/profile_images/889463202576248832/luYsV_x5.jpg
551838506,Gunilla Svantorp,GunillaSvantorp,https://pbs.twimg.com/profile_images/707662787426852865/ZuSxu0qC.jpg
552630315,Jessica Rosencrantz,Rosencrantz_J,https://pbs.twimg.com/profile_images/902914047724552192/wWYgbvRi.jpg
555916903,Shadiye Heydari,ShadiyeHeydari,https://pbs.twimg.com/profile_images/378800000803531824/54114a0078df9370a917eb4d9af17e35.jpeg
562903986,Ulf Berg,UlfBerg1,https://pbs.twimg.com/profile_images/2164504296/Ulf_svp.jpg
563652166,Annika Qarlsson,AQarlsson,https://pbs.twimg.com/profile_images/378800000603805406/3701ca6e66d1141b9ff8cde1217cba88.jpeg
565268225,Jonas Gunnarsson,JonasGunnarsso1,https://pbs.twimg.com/profile_images/2172119298/image.jpg
570028452,Annika Eclund,AnnikaEclund,https://pbs.twimg.com/profile_images/709809912143069184/rQShJYPX.jpg
580613218,Barbro Westerholm,BarbroWesterho,""
587216713,Johan Hultberg,HultbergJohan,https://pbs.twimg.com/profile_images/2240181470/Johan_bes_ker_hemv_rns_vning_i_Blekinge.jpg
591865811,Veronica Lindholm,VeronicaLindhol,https://pbs.twimg.com/profile_images/472843160704811009/vW4qCH1s.jpeg
594930372,Per Lodenius,PerLodenius,https://pbs.twimg.com/profile_images/2264067318/_3521731.JPG
606968732,Lotta Finstorp,finstorp,https://pbs.twimg.com/profile_images/378800000043749479/3ea935137f9f3b93b990f75db56be9e0.jpeg
608202622,HB Ekstrom,hb_hans,https://pbs.twimg.com/profile_images/762942910098735104/ooVsQ7YR.jpg
613309515,Jörgen Andersson,jrgen_andersson,https://pbs.twimg.com/profile_images/620997457065938944/TLDzxRhy.jpg
613419622,Thomas Finnborg,ThomasFinnborg,https://pbs.twimg.com/profile_images/847460208737533952/_hRbnm9o.jpg
614299477,Gunilla Nordgren,GNordgren,https://pbs.twimg.com/profile_images/494810236167806977/RTveS2PD.jpeg
628660217,Matilda Ernkrans,ernkrans,https://pbs.twimg.com/profile_images/540771002570256384/QxieJu9j.jpeg
628665187,Gunilla Carlsson,kulturgunilla,https://pbs.twimg.com/profile_images/2373803014/image.jpg
631448617,Cassandra Sundin,CassandraSundin,https://pbs.twimg.com/profile_images/468893404508585984/n65jf9x7.jpeg
706669183,Magnus Persson,MangePersson,https://pbs.twimg.com/profile_images/513957981231521792/aqavCS7n.jpeg
718855606,Anders Åkesson,andersaakesson,https://pbs.twimg.com/profile_images/378800000608460809/7c9c30787cacac91d1f305b1461b9006.jpeg
720518367,Krister Hammarbergh,KHammarbergh,https://pbs.twimg.com/profile_images/378800000613099175/d08bae0984f8745153d9233fbf41be4c.jpeg
723750200,Peter hultqvist,PeterHultqvist,""
725896819,Martin Kinnunen,Martin_Kinnunen,https://pbs.twimg.com/profile_images/2474242681/9psby5ah0auqbkusto4w.jpeg
771153540,Dennis Dioukarev,DennisDioukarev,https://pbs.twimg.com/profile_images/643465711285850113/Wn7u0ANw.jpg
776476836,Anna Wallentheim,walleannas,https://pbs.twimg.com/profile_images/772447754849292288/FSYJf2fq.jpg
778919004,Saila Quicklund,SailaQ,https://pbs.twimg.com/profile_images/884511304400154624/9ic6yCOP.jpg
782077896,margareta b kjellin,BKjellin,https://pbs.twimg.com/profile_images/2818339923/11e5ff79ba965e96055af4b1dd7d445d.jpeg
800281172,AngelikaBengtsson,AngBengtsson,https://pbs.twimg.com/profile_images/560734896054734850/SCU5tyRZ.jpeg
806917014,Michael Svensson,MichaelSvensso4,https://pbs.twimg.com/profile_images/500270659620966400/YZHpLjoS.jpeg
845643132,Andreas Norlen,andreasostgote,https://pbs.twimg.com/profile_images/838852301590773762/xvEKss4U.jpg
877699123,Jesper Skalberg,JesperSkalberg,https://pbs.twimg.com/profile_images/904077195517276162/nrvuu4ao.jpg
878300089,Roger Haddad,RogerHaddadLib,https://pbs.twimg.com/profile_images/883717157540048896/ALCggDnm.jpg
882653474,arhe hamednaca,arhehamednaca,""
899371272,Mats Green,Mats_Green,https://pbs.twimg.com/profile_images/2884874530/c790a0d0ad3a8ca89c86be360eba6a63.jpeg
906096158,AnnaCaren Sätherberg,AnnaCarenS,https://pbs.twimg.com/profile_images/904050196363055104/5YxCCcRD.jpg
921655142,Lawen Redar,LawenRedar,https://pbs.twimg.com/profile_images/889213247081119744/yJtz51JK.jpg
949407464,Sven-Erik Bucht,sebucht,""
952437572,Peter Jeppsson,PeterJeppsson,https://pbs.twimg.com/profile_images/2873919904/620ff290c4c8b50edb91cf8ffea1e55f.jpeg
963945493,Maria M Stenergard,MariaStenergard,https://pbs.twimg.com/profile_images/895331352274493440/GBdgDWuo.jpg
989684827,Lennart Axelsson,LENNARTNORA,https://pbs.twimg.com/profile_images/2932874354/8ad71de7a43afe71bfbdf81d33bb1c3b.jpeg
1097653338,Hillevi Engström,EngstrmHillevi,https://pbs.twimg.com/profile_images/3119898902/3fbc7b667eda51d46477bf38ad86d7d6.jpeg
1113942241,Maria Arnholm,MariaArnholm,https://pbs.twimg.com/profile_images/498783372295290880/b0a3NQhR.jpeg
1148390670,Jeff Ahl,Jeff_Ahl,https://pbs.twimg.com/profile_images/3273826779/3dcf21b2967f2dc462d54ed47045ba05.jpeg
1166961122,Emma Hult,emma_hult,https://pbs.twimg.com/profile_images/588444846504939522/DYXOUz8K.jpg
1196582724,Annika Lillemets,AnnikaLillemets,https://pbs.twimg.com/profile_images/484092801055862784/PCEP-yw7.jpeg
1201747669,Finn Bengtsson,finnbengtsson,https://pbs.twimg.com/profile_images/3283586227/9199dd4b49d02b2cc4710a43a8664a0a.jpeg
1261508922,Ulrika Karlsson,Ulrika_Uppsala,https://pbs.twimg.com/profile_images/742992333134811136/UgrZKYm2.jpg
1269314047,Edward Riedl,EdwardRiedl,https://pbs.twimg.com/profile_images/378800000762619219/68adccdf88251fe2093d2abce07613d0.jpeg
1341924050,Mattias Ottosson,MattiasOtto1,https://pbs.twimg.com/profile_images/3502398734/72c0da3f0941d4170ce64dcba36342ab.jpeg
1344261205,Anti Avsan,AntiAvsan,https://pbs.twimg.com/profile_images/3519154441/6d4bcf60060badad65c603acf057f098.jpeg
1357201854,Maria Plass,PlassMaria,https://pbs.twimg.com/profile_images/826382863327227904/biiAa5K8.jpg
1378966748,Isabella Hökmark,ihokmark,https://pbs.twimg.com/profile_images/3599119066/ffabb5cc3facd11b7e971b9c4548b614.jpeg
1408413445,Nina Kain,NinaKain,https://pbs.twimg.com/profile_images/566559975720632321/vJkjJsVL.jpeg
1469432677,Carina Ohlsson,carinagohlsson,https://pbs.twimg.com/profile_images/3732959680/3dc1a1bd6de6cc204fa00257167e2d0c.jpeg
1531435626,Leif Jakobsson,jakobsson_leif,""
1564311799,Isak From,FromIsak,https://pbs.twimg.com/profile_images/430762188392120320/ghqL1RhP.jpeg
1701494353,Ingemar Nilsson,IngemarNilsson_,https://pbs.twimg.com/profile_images/378800000408309141/b53f770be81b72d8048f2ce8c4c08221.jpeg
1715348046,Susanne Eberstein,S_Eberstein,https://pbs.twimg.com/profile_images/454555380186484737/095Yoetf.jpeg
1724794465,Anna-Lena Sörenson,annleso,https://pbs.twimg.com/profile_images/640429797026476032/XxsiAuKj.jpg
1725739801,Anna Wallén,WallnAnna,https://pbs.twimg.com/profile_images/378800000405441012/1cd2cd01098a76ca79432962f0422885.jpeg
1735498316,sotirisdelis,sotirisdelis,https://pbs.twimg.com/profile_images/830070095804248064/TMcJPKqS.jpg
1876698872,Karin Svensson Smith,svenssonsmith,https://pbs.twimg.com/profile_images/378800000477119055/33642fc4d6292867702b55e4032faf18.jpeg
1886420552,kristina winberg,KristinaWinberg,https://pbs.twimg.com/profile_images/450629761761832960/xhWNf_fb.jpeg
2149053198,Rikard Larsson,Rikard_LarssonS,https://pbs.twimg.com/profile_images/378800000636233680/f252039f1b0c78ef66cf525cdbd36b5e.jpeg
2151183954,Stina Bergström,BergstrmStina,https://pbs.twimg.com/profile_images/576413590556536832/xnrhBNSN.jpeg
2157225635,phia andersson,phiapa,https://pbs.twimg.com/profile_images/378800000663884186/956955c988b70c95abf8cae169946704.jpeg
2163521143,Sofia Damm,SofiaDammKD,https://pbs.twimg.com/profile_images/522101457554665472/p7F2f03W.jpeg
2187103782,Patrik Engström,EngstromPatrik,https://pbs.twimg.com/profile_images/378800000731534923/a12dcd66fc0d13ff77b11d03fea6f40b.jpeg
2200293147,katarina köhler,kekhler,https://pbs.twimg.com/profile_images/378800000805761913/3eeb894740fea7a7f85b4806bbd22ccb.jpeg
2231927771,Patrik Björck,patrikbjorck,https://pbs.twimg.com/profile_images/421045495499599872/-8B6QvUn.jpeg
2294337954,Hans Linde,linde_hans,https://pbs.twimg.com/profile_images/423789140174336000/mazeK9jk.jpeg
2297877809,Lena Emilsson,EmilssonLena,https://pbs.twimg.com/profile_images/426254150267977729/k10z-BFR.jpeg
2315230584,Sanne Eriksson,SanneEriksson88,https://pbs.twimg.com/profile_images/430707843369410560/PtEnr3-L.jpeg
2369244312,Per-Arne Håkansson,1Perarne1,https://pbs.twimg.com/profile_images/440207006201171969/Ow_OBIr9.jpeg
2371881938,Tiina Töyrä,RosaEmilia76,https://pbs.twimg.com/profile_images/526811717980803074/9wNxXK66.jpeg
2386885596,Mikael Cederbratt,MCederbratt,https://pbs.twimg.com/profile_images/444088269119057922/Bi1gt2Bq.jpeg
2396578532,Ellen Juntti,EllenJuntti,https://pbs.twimg.com/profile_images/446184444295000064/DLjEqXp-.jpeg
2404433921,Lars-Arne Staxäng,LStaxang,https://pbs.twimg.com/profile_images/712646115389104128/xqBvnCY8.jpg
2410963622,Emma Nohrén,emmanohren,https://pbs.twimg.com/profile_images/514701399444045824/noD-auDM.jpeg
2435618995,Niklas Wykman,NiklasWykman,https://pbs.twimg.com/profile_images/456718120439140352/u4lBoVAe.png
2436452542,Sten Bergheden,StenBergheden,https://pbs.twimg.com/profile_images/448557253621456897/oQwhMnmt.jpeg
2466809932,Erik Andersson,eriktaby,https://pbs.twimg.com/profile_images/520553650289381376/DfTJ4rHF.jpeg
2479331902,Patrik Lundkvist,InsatsPatrik,https://pbs.twimg.com/profile_images/657308483155570688/9hR_bx73.jpg
2490524403,Christina Thureson,ChristinaThures,""
2545009211,Suzanne Svensson,SvenssonSuzanne,https://pbs.twimg.com/profile_images/466188003241897984/s50ABzXF.jpeg
2557535953,Julia Kronlid,JuliaKronlid,https://pbs.twimg.com/profile_images/476107422407213056/1CC42Zq2.jpeg
2561165431,Valter Mutt,ValterMutt,https://pbs.twimg.com/profile_images/476687320255447041/mqVZ2YVl.jpeg
2722177548,Betty Malmberg,BettyMalmberg,https://pbs.twimg.com/profile_images/498847071604969472/YY-p7iZh.jpeg
2829792282,Elisabeth Svantesson,ElisabethSvan,https://pbs.twimg.com/profile_images/744651772082425856/IZnEse1a.jpg
2882613629,johanbuser,johanbuser,https://pbs.twimg.com/profile_images/534701472437792768/XpPMktVB.jpeg
2890850363,Jan Björklund,bjorklundjan,https://pbs.twimg.com/profile_images/537529573064183808/ntIQwQLx.jpeg
2903465373,Katarina Brännström,brnnstrm2,https://pbs.twimg.com/profile_images/540626682613608448/8LTZLl_1.jpeg
3034284701,Eskil Erlandsson,ErlandssonEskil,https://pbs.twimg.com/profile_images/566173198559883264/gmxK-o8x.jpeg
3629980455,Sara-Lena Bjälkö,sdbjalko,https://pbs.twimg.com/profile_images/643134093249650688/UFv6v2F0.jpg
